object_name,schema_name,object_type,status,error_message,timestamp
actvty_vwthrgh,mktg_ops_vws,view,DROPPED,,2025-12-19 13:47:15
adb_arcgms_broadlog,mktg_ops_vws,view,DROPPED,,2025-12-19 13:47:17
adb_nmsbroadlogrcp,mktg_ops_vws,view,DROPPED,,2025-12-19 13:47:18
adb_nmsrecipient,mktg_ops_vws,view,DROPPED,,2025-12-19 13:47:20
arc_biomed_gender_race,mktg_ops_vws,view,DROPPED,,2025-12-19 13:47:21
arc_biomed_txn_ext_staff,mktg_ops_vws,view,DROPPED,,2025-12-19 13:47:22
arc_entrprs_smry,mktg_ops_vws,view,DROPPED,,2025-12-19 13:47:27
arc_glossary,mktg_ops_vws,view,DROPPED,,2025-12-19 13:47:31
arc_phss_smry,mktg_ops_vws,view,DROPPED,,2025-12-19 13:47:33
arc_phss_txn,mktg_ops_vws,view,DROPPED,,2025-12-19 13:47:34
arc_vms_smry,mktg_ops_vws,view,DROPPED,,2025-12-19 13:47:36
arc_vms_txn,mktg_ops_vws,view,DROPPED,,2025-12-19 13:47:37
atg_order_registrants,mktg_ops_vws,view,DROPPED,,2025-12-19 13:47:39
atg_registrants,mktg_ops_vws,view,DROPPED,,2025-12-19 13:47:40
bzfc_active_cnst_segmnt,mktg_ops_vws,view,DROPPED,,2025-12-19 13:47:41
bzfc_active_cnst_snpsht,mktg_ops_vws,view,DROPPED,,2025-12-19 13:47:43
bzfc_adb_recipient_insrt_delta,mktg_ops_vws,view,DROPPED,,2025-12-19 13:47:47
bzfc_adb_recipient_updt_delta,mktg_ops_vws,view,DROPPED,,2025-12-19 13:47:54
bzfc_arc_best_smry,mktg_ops_vws,view,DROPPED,,2025-12-19 13:47:55
bzfc_cdi_bio_prfr_email_profile,mktg_ops_vws,view,DROPPED,,2025-12-19 13:47:57
bzfc_cnst_cdi_fr_prfr_em_prfl,mktg_ops_vws,view,DROPPED,,2025-12-19 13:47:58
bzfc_cnst_fr_prfr_flags,mktg_ops_vws,view,DROPPED,,2025-12-19 13:47:59
bzfc_comnictn_src,mktg_ops_vws,view,DROPPED,,2025-12-19 13:48:01
bzfc_dim_unit_merged,mktg_ops_vws,view,DROPPED,,2025-12-19 13:48:02
bzfc_email_append,mktg_ops_vws,view,DROPPED,,2025-12-19 13:48:03
bzfc_fact_dmail_interaction,mktg_ops_vws,view,DROPPED,,2025-12-19 13:48:05
bzfc_fact_dmail_intrctn_norm,mktg_ops_vws,view,DROPPED,,2025-12-19 13:48:06
bzfc_fact_email_interaction,mktg_ops_vws,view,DROPPED,,2025-12-19 13:48:07
bzfc_fact_interaction,mktg_ops_vws,view,DROPPED,,2025-12-19 13:48:09
bzfc_fact_interaction_all,mktg_ops_vws,view,DROPPED,,2025-12-19 13:48:10
bzfc_fact_interaction_em_smry,mktg_ops_vws,view,DROPPED,,2025-12-19 13:48:12
bzfc_fact_phone_interaction,mktg_ops_vws,view,DROPPED,,2025-12-19 13:48:13
bzfc_fact_phone_interaction_pg,mktg_ops_vws,view,DROPPED,,2025-12-19 13:48:14
bzfc_fact_response_all,mktg_ops_vws,view,DROPPED,,2025-12-19 13:48:20
bzfc_fact_sms_interaction,mktg_ops_vws,view,DROPPED,,2025-12-19 13:48:21
bzfc_fr_cnst_in_blood_region,mktg_ops_vws,view,DROPPED,,2025-12-19 13:48:23
bzfc_fsa_ask,mktg_ops_vws,view,DROPPED,,2025-12-19 13:48:24
bzfc_fsa_cnst_indv_chrctrs2,mktg_ops_vws,view,DROPPED,,2025-12-19 13:48:26
bzfc_fsa_cnst_indv_cntct_prefc,mktg_ops_vws,view,DROPPED,,2025-12-19 13:48:27
bzfc_fsa_cnst_org_chrctrs2,mktg_ops_vws,view,DROPPED,,2025-12-19 13:48:29
bzfc_fsa_cnst_org_cntct_prefc,mktg_ops_vws,view,DROPPED,,2025-12-19 13:48:30
bzfc_pg_response_log,mktg_ops_vws,view,DROPPED,,2025-12-19 13:48:31
bzfc_pg_response_log_ref,mktg_ops_vws,view,DROPPED,,2025-12-19 13:48:33
bzfc_phone_append,mktg_ops_vws,view,DROPPED,,2025-12-19 13:48:35
bzfc_prospect_pt_scr_fin,mktg_ops_vws,view,DROPPED,,2025-12-19 13:48:36
bzfc_prospect_pt_scr_nonfin,mktg_ops_vws,view,DROPPED,,2025-12-19 13:48:38
bzfc_sms_bio_prfl,mktg_ops_vws,view,DROPPED,,2025-12-19 13:48:39
bzfc_sms_fr_prf,mktg_ops_vws,view,DROPPED,,2025-12-19 13:48:41
bzfc_sms_fr_prfl,mktg_ops_vws,view,DROPPED,,2025-12-19 13:48:42
bzfc_sms_phss_prfl,mktg_ops_vws,view,DROPPED,,2025-12-19 13:48:44
bzfc_sms_profile,mktg_ops_vws,view,DROPPED,,2025-12-19 13:48:45
bzfc_sms_vms_prfl,mktg_ops_vws,view,DROPPED,,2025-12-19 13:48:46
bzfc_sponsor_journey_detail,mktg_ops_vws,view,DROPPED,,2025-12-19 13:48:48
bzfc_sponsor_journey_smry,mktg_ops_vws,view,DROPPED,,2025-12-19 13:48:49
bzfc_taxo_bio_collection_curr,mktg_ops_vws,view,DROPPED,,2025-12-19 13:48:51
bzfc_taxo_humanitarian_curr,mktg_ops_vws,view,DROPPED,,2025-12-19 13:48:52
bzfc_taxo_subscr_gplg,mktg_ops_vws,view,DROPPED,,2025-12-19 13:48:53
bzfc_trigrd_campgn_smry,mktg_ops_vws,view,DROPPED,,2025-12-19 13:48:55
bzfc_vms_cnst_in_blood_region,mktg_ops_vws,view,DROPPED,,2025-12-19 13:48:56
bzf_cem_cnst_msg_pref,mktg_ops_vws,view,DROPPED,,2025-12-19 13:48:58
bzf_cem_fr_cnst_loc_prefs,mktg_ops_vws,view,DROPPED,,2025-12-19 13:48:59
bzf_cnst_chrctrstc,mktg_ops_vws,view,DROPPED,,2025-12-19 13:49:01
bzf_cnst_chrctrstc_arcpg,mktg_ops_vws,view,DROPPED,,2025-12-19 13:49:02
bzf_cnst_chrctrstc_simio,mktg_ops_vws,view,DROPPED,,2025-12-19 13:49:03
bzf_cnst_scr,mktg_ops_vws,view,DROPPED,,2025-12-19 13:49:05
bzf_cnst_scr_simio,mktg_ops_vws,view,DROPPED,,2025-12-19 13:49:06
bzf_prospect_pt_scr,mktg_ops_vws,view,DROPPED,,2025-12-19 13:49:07
bzl_cnst_fsa_acqstn,mktg_ops_vws,view,DROPPED,,2025-12-19 13:49:09
bzl_cnst_mstr_fsa_acct_cntct,mktg_ops_vws,view,DROPPED,,2025-12-19 13:49:10
bzl_vms_sta_shift_smry,mktg_ops_vws,view,DROPPED,,2025-12-19 13:49:11
bz_adb_arcgms_broadlog,mktg_ops_vws,view,DROPPED,,2025-12-19 13:49:13
bz_adb_enumrtn_lkp,mktg_ops_vws,view,DROPPED,,2025-12-19 13:49:14
bz_adb_nmsbroadlogrcp,mktg_ops_vws,view,DROPPED,,2025-12-19 13:49:16
bz_adb_nmsdelivery,mktg_ops_vws,view,DROPPED,,2025-12-19 13:49:17
bz_adb_nmsexcludelogrcp,mktg_ops_vws,view,DROPPED,,2025-12-19 13:49:18
bz_adb_nmstrackingurl,mktg_ops_vws,view,DROPPED,,2025-12-19 13:49:20
bz_adb_nmswebapp,mktg_ops_vws,view,DROPPED,,2025-12-19 13:49:21
bz_aprm_email_bncd,mktg_ops_vws,view,DROPPED,,2025-12-19 13:49:22
bz_aprm_email_lnk_clkd,mktg_ops_vws,view,DROPPED,,2025-12-19 13:49:24
bz_aprm_email_opened,mktg_ops_vws,view,DROPPED,,2025-12-19 13:49:26
bz_aprm_email_remove,mktg_ops_vws,view,DROPPED,,2025-12-19 13:49:27
bz_aprm_email_sent,mktg_ops_vws,view,DROPPED,,2025-12-19 13:49:28
bz_aprm_wb_apnd_prfrnc_cntr,mktg_ops_vws,view,DROPPED,,2025-12-19 13:49:30
bz_aprm_wb_apnd_unsubs_rplc,mktg_ops_vws,view,DROPPED,,2025-12-19 13:49:31
bz_aprm_wb_rplc_fr_prf_cntr_lt,mktg_ops_vws,view,DROPPED,,2025-12-19 13:49:32
bz_arcpg_response_typ,mktg_ops_vws,view,DROPPED,,2025-12-19 13:49:34
bz_arc_comm_log,mktg_ops_vws,view,DROPPED,,2025-12-19 13:49:35
bz_arc_fr_smry_atg_first_tm,mktg_ops_vws,view,DROPPED,,2025-12-19 13:49:37
bz_arc_fr_smry_rco_first_tm,mktg_ops_vws,view,DROPPED,,2025-12-19 13:49:38
bz_arc_fr_smry_rco_last_donat,mktg_ops_vws,view,DROPPED,,2025-12-19 13:49:39
bz_arc_fr_smry_rco_last_sustnr_donat,mktg_ops_vws,view,DROPPED,,2025-12-19 13:49:41
bz_area_code_2_time_zone,mktg_ops_vws,view,DROPPED,,2025-12-19 13:49:42
bz_campgn_yr_end_dow_projctn,mktg_ops_vws,view,DROPPED,,2025-12-19 13:49:43
bz_cnst_birth_best,mktg_ops_vws,view,DROPPED,,2025-12-19 13:49:45
bz_cnst_birth_pg,mktg_ops_vws,view,DROPPED,,2025-12-19 13:49:46
bz_cnst_cnstcy_affn,mktg_ops_vws,view,DROPPED,,2025-12-19 13:49:47
bz_cnst_fsa_acqstn,mktg_ops_vws,view,DROPPED,,2025-12-19 13:49:49
bz_cnst_gender_best,mktg_ops_vws,view,DROPPED,,2025-12-19 13:49:50
bz_cnst_mstr,mktg_ops_vws,view,DROPPED,,2025-12-19 13:49:51
bz_comnictn_src,mktg_ops_vws,view,DROPPED,,2025-12-19 13:49:53
bz_cur_mth_bio_donor_freq,mktg_ops_vws,view,DROPPED,,2025-12-19 13:49:54
bz_digital_analytics_txn,mktg_ops_vws,view,DROPPED,,2025-12-19 13:49:55
bz_dim_appt_typ,mktg_ops_vws,view,DROPPED,,2025-12-19 13:49:57
bz_dim_campgn,mktg_ops_vws,view,DROPPED,,2025-12-19 13:49:58
bz_dim_channel,mktg_ops_vws,view,DROPPED,,2025-12-19 13:49:59
bz_dim_cnst_demographic,mktg_ops_vws,view,DROPPED,,2025-12-19 13:50:01
bz_dim_delivery,mktg_ops_vws,view,DROPPED,,2025-12-19 13:50:02
bz_dim_dm_src_treatmnt_xref,mktg_ops_vws,view,DROPPED,,2025-12-19 13:50:04
bz_dim_edrtl_response_period,mktg_ops_vws,view,DROPPED,,2025-12-19 13:50:05
bz_dim_email_intrctn_typ,mktg_ops_vws,view,DROPPED,,2025-12-19 13:50:07
bz_dim_fund_cd,mktg_ops_vws,view,DROPPED,,2025-12-19 13:50:08
bz_dim_operator,mktg_ops_vws,view,DROPPED,,2025-12-19 13:50:10
bz_dim_phone_adtnl_reqst,mktg_ops_vws,view,DROPPED,,2025-12-19 13:50:11
bz_dim_phone_call_dspstn,mktg_ops_vws,view,DROPPED,,2025-12-19 13:50:13
bz_dim_phone_campgn,mktg_ops_vws,view,DROPPED,,2025-12-19 13:50:15
bz_dim_phone_campgn_src_cd_xref,mktg_ops_vws,view,DROPPED,,2025-12-19 13:50:16
bz_dim_phone_script,mktg_ops_vws,view,DROPPED,,2025-12-19 13:50:19
bz_dim_rpt_cell_cd,mktg_ops_vws,view,DROPPED,,2025-12-19 13:50:20
bz_dim_treatmnt,mktg_ops_vws,view,DROPPED,,2025-12-19 13:50:21
bz_dim_zipcodes,mktg_ops_vws,view,DROPPED,,2025-12-19 13:50:23
bz_email_src_cd,mktg_ops_vws,view,DROPPED,,2025-12-19 13:50:24
bz_fund,mktg_ops_vws,view,DROPPED,,2025-12-19 13:50:25
bz_gms_arc_fr_txn_segmnt,mktg_ops_vws,view,DROPPED,,2025-12-19 13:50:27
bz_grp_ref,mktg_ops_vws,view,DROPPED,,2025-12-19 13:50:28
bz_microsites_report,mktg_ops_vws,view,DROPPED,,2025-12-19 13:50:30
bz_pg_group_membrshp,mktg_ops_vws,view,DROPPED,,2025-12-19 13:50:31
bz_pg_group_ref,mktg_ops_vws,view,DROPPED,,2025-12-19 13:50:32
bz_pg_response_log_exclusion,mktg_ops_vws,view,DROPPED,,2025-12-19 13:50:34
bz_prospect_pt_scr,mktg_ops_vws,view,DROPPED,,2025-12-19 13:50:35
bz_rr_dm_srccd_aprm_cellcd,mktg_ops_vws,view,DROPPED,,2025-12-19 13:50:37
bz_scr,mktg_ops_vws,view,DROPPED,,2025-12-19 13:50:38
campgn_prospct_list,mktg_ops_vws,view,DROPPED,,2025-12-19 13:50:39
chptr_list_membrshp,mktg_ops_vws,view,DROPPED,,2025-12-19 13:50:41
chptr_portal_list_typ_ref,mktg_ops_vws,view,DROPPED,,2025-12-19 13:50:42
cnst_addr_ncoa_log,mktg_ops_vws,view,DROPPED,,2025-12-19 13:50:43
cnst_addr_ncoa_log_1,mktg_ops_vws,view,DROPPED,,2025-12-19 13:50:45
cnst_cdi_phss_preferred_dmail,mktg_ops_vws,view,DROPPED,,2025-12-19 13:50:46
cnst_cdi_phss_preferred_email,mktg_ops_vws,view,DROPPED,,2025-12-19 13:50:48
cnst_cdi_smry_non_fr_prfr,mktg_ops_vws,view,DROPPED,,2025-12-19 13:50:49
cnst_cdi_smry_phss_prfr,mktg_ops_vws,view,DROPPED,,2025-12-19 13:50:50
cnst_cdi_smry_vms_prfr,mktg_ops_vws,view,DROPPED,,2025-12-19 13:50:52
cnst_cdi_src_profile_mb,mktg_ops_vws,view,DROPPED,,2025-12-19 13:50:53
cnst_mstr_id_map,mktg_ops_vws,view,DROPPED,,2025-12-19 13:50:55
cnst_sturt_lst_affl,mktg_ops_vws,view,DROPPED,,2025-12-19 13:50:56
cnvo_cnst,mktg_ops_vws,view,DROPPED,,2025-12-19 13:50:58
cnvo_group_acct,mktg_ops_vws,view,DROPPED,,2025-12-19 13:51:00
cnvo_group_members,mktg_ops_vws,view,DROPPED,,2025-12-19 13:51:03
dim_age_band,mktg_ops_vws,view,DROPPED,,2025-12-19 13:51:05
dim_bio_mstr_cust_appnd,mktg_ops_vws,view,DROPPED,,2025-12-19 13:51:07
dim_email_segmnt,mktg_ops_vws,view,DROPPED,,2025-12-19 13:51:08
dim_isp_labor,mktg_ops_vws,view,DROPPED,,2025-12-19 13:51:11
dim_motvtn_clt_matrix,mktg_ops_vws,view,DROPPED,,2025-12-19 13:51:13
dim_motvtn_gplg_effort,mktg_ops_vws,view,DROPPED,,2025-12-19 13:51:14
dim_motvtn_gplg_scr,mktg_ops_vws,view,DROPPED,,2025-12-19 13:51:15
dim_motvtn_gplg_segmnt,mktg_ops_vws,view,DROPPED,,2025-12-19 13:51:17
dim_recipient,mktg_ops_vws,view,DROPPED,,2025-12-19 13:51:18
dim_src_2_intrctn_brdg,mktg_ops_vws,view,DROPPED,,2025-12-19 13:51:20
dim_volunteer,mktg_ops_vws,view,DROPPED,,2025-12-19 13:51:21
dv_active_segmnt_snapsht,mktg_ops_vws,view,DROPPED,,2025-12-19 13:51:22
dv_digtl_engmnt_scorcrd,mktg_ops_vws,view,DROPPED,,2025-12-19 13:51:24
esri_blockgroup_demgrphc,mktg_ops_vws,view,DROPPED,,2025-12-19 13:51:25
esri_zip_cd_demgrphc,mktg_ops_vws,view,DROPPED,,2025-12-19 13:51:26
fact_atg_order_line,mktg_ops_vws,view,DROPPED,,2025-12-19 13:51:28
fact_dmail_interaction,mktg_ops_vws,view,DROPPED,,2025-12-19 13:51:29
fact_email_interaction,mktg_ops_vws,view,DROPPED,,2025-12-19 13:51:30
fact_interaction_aprm,mktg_ops_vws,view,DROPPED,,2025-12-19 13:51:32
fact_vol_applctn,mktg_ops_vws,view,DROPPED,,2025-12-19 13:51:33
fresh_address_email_append,mktg_ops_vws,view,DROPPED,,2025-12-19 13:51:34
fr_asset_gift_smry,mktg_ops_vws,view,DROPPED,,2025-12-19 13:51:36
geo_zip_code_to_chapter,mktg_ops_vws,view,DROPPED,,2025-12-19 13:51:37
gmpbzal_dim_fund,mktg_ops_vws,view,DROPPED,,2025-12-19 13:51:38
gmpbzal_dim_src,mktg_ops_vws,view,DROPPED,,2025-12-19 13:51:40
gmpbz_chpt_cnst_cnstcy,mktg_ops_vws,view,DROPPED,,2025-12-19 13:51:41
gmpbz_cnst_comnictn_email,mktg_ops_vws,view,DROPPED,,2025-12-19 13:51:42
gmpbz_dim_arcpg_amt_typ,mktg_ops_vws,view,DROPPED,,2025-12-19 13:51:44
gmpbz_dim_arcpg_chan_typ,mktg_ops_vws,view,DROPPED,,2025-12-19 13:51:45
gmpbz_dim_arcpg_comnictn_typ,mktg_ops_vws,view,DROPPED,,2025-12-19 13:51:47
gmpbz_dim_arcpg_response_typ,mktg_ops_vws,view,DROPPED,,2025-12-19 13:51:48
gmpbz_dim_arcpg_src,mktg_ops_vws,view,DROPPED,,2025-12-19 13:51:49
gmpbz_dim_comnictn,mktg_ops_vws,view,DROPPED,,2025-12-19 13:51:51
gmpbz_dim_dollar_tier,mktg_ops_vws,view,DROPPED,,2025-12-19 13:51:52
gmpbz_dim_fund,mktg_ops_vws,view,DROPPED,,2025-12-19 13:51:54
gmpbz_dim_giftran_typ,mktg_ops_vws,view,DROPPED,,2025-12-19 13:51:55
gmpbz_dim_gift_stg,mktg_ops_vws,view,DROPPED,,2025-12-19 13:51:57
gmpbz_dim_gl_fcc,mktg_ops_vws,view,DROPPED,,2025-12-19 13:51:58
gmpbz_dim_intrctn_typ,mktg_ops_vws,view,DROPPED,,2025-12-19 13:51:59
gmpbz_dim_merchant,mktg_ops_vws,view,DROPPED,,2025-12-19 13:52:01
gmpbz_dim_pmt_mthd,mktg_ops_vws,view,DROPPED,,2025-12-19 13:52:02
gmpbz_dim_prog,mktg_ops_vws,view,DROPPED,,2025-12-19 13:52:04
gmpbz_dim_rgnrt_reason,mktg_ops_vws,view,DROPPED,,2025-12-19 13:52:05
gmpbz_dim_src,mktg_ops_vws,view,DROPPED,,2025-12-19 13:52:06
gmpbz_dim_sustnr_typ,mktg_ops_vws,view,DROPPED,,2025-12-19 13:52:08
gmpbz_dim_vendor,mktg_ops_vws,view,DROPPED,,2025-12-19 13:52:09
gmpbz_fact_arcpg_cnst_comnictn,mktg_ops_vws,view,DROPPED,,2025-12-19 13:52:10
gmpbz_gift_addr,mktg_ops_vws,view,DROPPED,,2025-12-19 13:52:12
gmpbz_gift_premium,mktg_ops_vws,view,DROPPED,,2025-12-19 13:52:13
gmpbz_gift_sku,mktg_ops_vws,view,DROPPED,,2025-12-19 13:52:14
gms_arc_fr_smry,mktg_ops_vws,view,DROPPED,,2025-12-19 13:52:16
gms_arc_fr_smry_cbg,mktg_ops_vws,view,DROPPED,,2025-12-19 13:52:17
gms_arc_fr_smry_sustnr,mktg_ops_vws,view,DROPPED,,2025-12-19 13:52:19
gms_arc_fr_txn,mktg_ops_vws,view,DROPPED,,2025-12-19 13:52:20
gms_arc_fr_txn_sustnr,mktg_ops_vws,view,DROPPED,,2025-12-19 13:52:21
gms_bzfc_adb_fact_donation,mktg_ops_vws,view,DROPPED,,2025-12-19 13:52:23
gms_bzfc_cnst_cdi_fr_prfr_em_prfl,mktg_ops_vws,view,DROPPED,,2025-12-19 13:52:24
gms_bzfc_dim_unf_fr_cnst,mktg_ops_vws,view,DROPPED,,2025-12-19 13:52:25
gms_bzfc_donation_rank,mktg_ops_vws,view,DROPPED,,2025-12-19 13:52:27
gms_bzfc_fact_ask,mktg_ops_vws,view,DROPPED,,2025-12-19 13:52:28
gms_bzfc_fact_ask_cntct_intrctn,mktg_ops_vws,view,DROPPED,,2025-12-19 13:52:30
gms_bzfc_fact_cnst_comnictn,mktg_ops_vws,view,DROPPED,,2025-12-19 13:52:31
gms_bzfc_fact_email_intrctn_smry,mktg_ops_vws,view,DROPPED,,2025-12-19 13:52:33
gms_bzfc_fact_giftran,mktg_ops_vws,view,DROPPED,,2025-12-19 13:52:34
gms_bzf_cnst_cnstcy,mktg_ops_vws,view,DROPPED,,2025-12-19 13:52:36
gms_bzf_cnst_cnstcy_curnt,mktg_ops_vws,view,DROPPED,,2025-12-19 13:52:37
gms_bz_pg_group_membrshp,mktg_ops_vws,view,DROPPED,,2025-12-19 13:52:38
gms_cnst_cdi_smry_fr_pa_dm,mktg_ops_vws,view,DROPPED,,2025-12-19 13:52:39
gms_cnst_cdi_smry_fr_prfr,mktg_ops_vws,view,DROPPED,,2025-12-19 13:52:41
gms_cnst_cdi_smry_fr_prfr_src,mktg_ops_vws,view,DROPPED,,2025-12-19 13:52:42
gms_frfbz_dim_tag,mktg_ops_vws,view,DROPPED,,2025-12-19 13:52:43
gms_pg_group_membrshp_src,mktg_ops_vws,view,DROPPED,,2025-12-19 13:52:45
gms_sf_acct_contct_brdg,mktg_ops_vws,view,DROPPED,,2025-12-19 13:52:46
lkp_adb_intrctn_status_dsc,mktg_ops_vws,view,DROPPED,,2025-12-19 13:52:47
mktg_sky_dates,mktg_ops_vws,view,DROPPED,,2025-12-19 13:52:49
nhqmktg_cdrp_enrllmnt_sts,mktg_ops_vws,view,DROPPED,,2025-12-19 13:52:50
pacific_east_email_append,mktg_ops_vws,view,DROPPED,,2025-12-19 13:52:51
pbi_bzl_fact_show_prodctv_ind,mktg_ops_vws,view,DROPPED,,2025-12-19 13:52:53
pbi_entrprs_campgn_comnts,mktg_ops_vws,view,DROPPED,,2025-12-19 13:52:54
pbi_entrprs_campgn_results,mktg_ops_vws,view,DROPPED,,2025-12-19 13:52:55
pbi_entrprs_campgn_smry,mktg_ops_vws,view,DROPPED,,2025-12-19 13:52:57
phone_interaction_eoc,mktg_ops_vws,view,DROPPED,,2025-12-19 13:52:58
phone_interaction_pg_eoc,mktg_ops_vws,view,DROPPED,,2025-12-19 13:52:59
rr_rqq_rql_file_xref,mktg_ops_vws,view,DROPPED,,2025-12-19 13:53:01
rr_rqq_rql_file_xref_mtvtn_cd,mktg_ops_vws,view,DROPPED,,2025-12-19 13:53:02
scr_val_ref,mktg_ops_vws,view,DROPPED,,2025-12-19 13:53:04
srvy_anvrsry_vlntr_questions,mktg_ops_vws,view,DROPPED,,2025-12-19 13:53:05
srvy_anvrsry_vlntr_questn_2_srvy_xref,mktg_ops_vws,view,DROPPED,,2025-12-19 13:53:06
srvy_anvrsry_vlntr_rspns_norm,mktg_ops_vws,view,DROPPED,,2025-12-19 13:53:08
srvy_anvrsry_vlntr_rspns_txt_norm,mktg_ops_vws,view,DROPPED,,2025-12-19 13:53:09
srvy_anvrsry_vlntr_survey,mktg_ops_vws,view,DROPPED,,2025-12-19 13:53:11
srvy_anvrsry_vlntr_values,mktg_ops_vws,view,DROPPED,,2025-12-19 13:53:12
srvy_anvrsy_vlntr_rspns,mktg_ops_vws,view,DROPPED,,2025-12-19 13:53:13
srvy_anvrsy_vlntr_rspns_all,mktg_ops_vws,view,DROPPED,,2025-12-19 13:53:15
srvy_blood_sponsor,mktg_ops_vws,view,DROPPED,,2025-12-19 13:53:16
srvy_blood_sponsor_questn_2_srvy_xref,mktg_ops_vws,view,DROPPED,,2025-12-19 13:53:17
srvy_blood_sponsor_rspns,mktg_ops_vws,view,DROPPED,,2025-12-19 13:53:19
srvy_blood_sponsor_survey,mktg_ops_vws,view,DROPPED,,2025-12-19 13:53:20
srvy_blood_sponsor_values,mktg_ops_vws,view,DROPPED,,2025-12-19 13:53:22
srvy_gplg_rspns_ss,mktg_ops_vws,view,DROPPED,,2025-12-19 13:53:23
srvy_hsptl_customer_contact,mktg_ops_vws,view,DROPPED,,2025-12-19 13:53:25
srvy_hsptl_periods_hst,mktg_ops_vws,view,DROPPED,,2025-12-19 13:53:26
srvy_hsptl_questions,mktg_ops_vws,view,DROPPED,,2025-12-19 13:53:27
srvy_hsptl_questions_hst,mktg_ops_vws,view,DROPPED,,2025-12-19 13:53:29
srvy_hsptl_questn_2_srvy_xref,mktg_ops_vws,view,DROPPED,,2025-12-19 13:53:30
srvy_hsptl_questn_catgry,mktg_ops_vws,view,DROPPED,,2025-12-19 13:53:31
srvy_hsptl_respondents,mktg_ops_vws,view,DROPPED,,2025-12-19 13:53:33
srvy_hsptl_respondents_hst,mktg_ops_vws,view,DROPPED,,2025-12-19 13:53:34
srvy_hsptl_rspns,mktg_ops_vws,view,DROPPED,,2025-12-19 13:53:36
srvy_hsptl_rspns_hst,mktg_ops_vws,view,DROPPED,,2025-12-19 13:53:37
srvy_hsptl_rspns_txt,mktg_ops_vws,view,DROPPED,,2025-12-19 13:53:38
srvy_hsptl_sf_contact,mktg_ops_vws,view,DROPPED,,2025-12-19 13:53:40
srvy_hsptl_survey,mktg_ops_vws,view,DROPPED,,2025-12-19 13:53:41
srvy_hsptl_survey_hst,mktg_ops_vws,view,DROPPED,,2025-12-19 13:53:43
srvy_hsptl_values,mktg_ops_vws,view,DROPPED,,2025-12-19 13:53:44
srvy_hsptl_values_hst,mktg_ops_vws,view,DROPPED,,2025-12-19 13:53:45
srvy_new_vlntr_los,mktg_ops_vws,view,DROPPED,,2025-12-19 13:53:47
srvy_new_vlntr_questions,mktg_ops_vws,view,DROPPED,,2025-12-19 13:53:48
srvy_new_vlntr_questn_2_srvy_xref,mktg_ops_vws,view,DROPPED,,2025-12-19 13:53:49
srvy_new_vlntr_rspns_norm,mktg_ops_vws,view,DROPPED,,2025-12-19 13:53:51
srvy_new_vlntr_rspns_txt_norm,mktg_ops_vws,view,DROPPED,,2025-12-19 13:53:52
srvy_new_vlntr_survey,mktg_ops_vws,view,DROPPED,,2025-12-19 13:53:54
srvy_new_vlntr_values,mktg_ops_vws,view,DROPPED,,2025-12-19 13:53:55
srvy_vlntr_anvrsry_los,mktg_ops_vws,view,DROPPED,,2025-12-19 13:53:56
srvy_vlntr_geogrphy_taxo,mktg_ops_vws,view,DROPPED,,2025-12-19 13:53:57
srvy_vlntr_los,mktg_ops_vws,view,DROPPED,,2025-12-19 13:53:59
suprsn_ts_cnst,mktg_ops_vws,view,DROPPED,,2025-12-19 13:54:00
suprsn_ts_cnst_test,mktg_ops_vws,view,DROPPED,,2025-12-19 13:54:02
suspect_domains,mktg_ops_vws,view,DROPPED,,2025-12-19 13:54:03
vaidity_email_valdtn,mktg_ops_vws,view,DROPPED,,2025-12-19 13:54:04
vcn_smry_intake,mktg_ops_vws,view,DROPPED,,2025-12-19 13:54:06
vms_sta_indivs,mktg_ops_vws,view,DROPPED,,2025-12-19 13:54:07
vms_sta_orgs,mktg_ops_vws,view,DROPPED,,2025-12-19 13:54:09
