object_name,schema_name,object_type,status,validation_status,validation_error,created_timestamp
adb_accistbl_contacts_b401072026,mktg_ops_tbls,table,SUCCESS,VALIDATED_OK,,2026-01-15 18:58:52
adb_anlytc_hit,mktg_ops_tbls,table,SUCCESS,VALIDATED_OK,,2026-01-15 18:58:55
adb_anlytc_hit_stg,mktg_ops_tbls,table,SUCCESS,VALIDATED_OK,,2026-01-15 18:58:59
adb_anlytc_hit_tgt,mktg_ops_tbls,table,SUCCESS,VALIDATED_OK,,2026-01-15 18:59:03
adb_arcbitlyreturn_b401072026,mktg_ops_tbls,table,SUCCESS,VALIDATED_OK,,2026-01-15 18:59:08
adb_arcgms_broadlog_b401072026,mktg_ops_tbls,table,SUCCESS,VALIDATED_OK,,2026-01-15 18:59:12
adb_arcinsms_report_intermediate,mktg_ops_tbls,table,SUCCESS,VALIDATED_OK,,2026-01-15 18:59:17
adb_arckaleyradeactivation_b401072026,mktg_ops_tbls,table,SUCCESS,VALIDATED_OK,,2026-01-15 18:59:20
adb_arcprefchangefr_b401072026,mktg_ops_tbls,table,SUCCESS,VALIDATED_OK,,2026-01-15 18:59:25
adb_arcregionchaptermapping,mktg_ops_tbls,table,SUCCESS,VALIDATED_OK,,2026-01-15 18:59:30
adb_arcreportcellcode_b401072026,mktg_ops_tbls,table,SUCCESS,VALIDATED_OK,,2026-01-15 18:59:36
adb_arctreatmentcode_b401072026,mktg_ops_tbls,table,SUCCESS,VALIDATED_OK,,2026-01-15 18:59:40
adb_enumrtn_lkp,mktg_ops_tbls,table,SUCCESS,VALIDATED_OK,,2026-01-15 18:59:48
adb_nmsaddress_b401072026,mktg_ops_tbls,table,SUCCESS,VALIDATED_OK,,2026-01-15 18:59:52
adb_nmsbroadlogmsg_b401072026,mktg_ops_tbls,table,SUCCESS,VALIDATED_OK,,2026-01-15 18:59:57
adb_nmsbroadlogrcp_b401072026,mktg_ops_tbls,table,SUCCESS,VALIDATED_OK,,2026-01-15 19:00:02
adb_nmsexcludelogrcp_b401072026,mktg_ops_tbls,table,SUCCESS,VALIDATED_OK,,2026-01-15 19:00:10
adb_nmsinsms_b401072026,mktg_ops_tbls,table,SUCCESS,VALIDATED_OK,,2026-01-15 19:00:14
adb_nmsoperation_b401072026,mktg_ops_tbls,table,SUCCESS,VALIDATED_OK,,2026-01-15 19:00:19
adb_nmspropositionrcp,mktg_ops_tbls,table,SUCCESS,VALIDATED_OK,,2026-01-15 19:00:22
adb_nmsservice_b401072026,mktg_ops_tbls,table,SUCCESS,VALIDATED_OK,,2026-01-15 19:00:28
adb_nmssubscription_b401072026,mktg_ops_tbls,table,SUCCESS,VALIDATED_OK,,2026-01-15 19:00:32
adb_nmstrackinglogrcp_b401072026,mktg_ops_tbls,table,SUCCESS,VALIDATED_OK,,2026-01-15 19:00:35
adb_nmstrackingurl_b401072026,mktg_ops_tbls,table,SUCCESS,VALIDATED_OK,,2026-01-15 19:00:41
adb_nmsuseragent_b401072026,mktg_ops_tbls,table,SUCCESS,VALIDATED_OK,,2026-01-15 19:00:44
adb_nmswebapplogrcp_b401072026,mktg_ops_tbls,table,SUCCESS,VALIDATED_OK,,2026-01-15 19:00:53
adb_vlntr_srvy_rspns,mktg_ops_tbls,table,SUCCESS,VALIDATED_OK,,2026-01-15 19:01:01
adb_vlntr_srvy_rspns_tmp,mktg_ops_tbls,table,SUCCESS,VALIDATED_OK,,2026-01-15 19:01:06
adb_vlntr_srvy_rspns_v20,mktg_ops_tbls,table,SUCCESS,VALIDATED_OK,,2026-01-15 19:01:11
adb_xtkfolder_b401072026,mktg_ops_tbls,table,SUCCESS,VALIDATED_OK,,2026-01-15 19:01:16
adb_xtkworkflow_b401072026,mktg_ops_tbls,table,SUCCESS,VALIDATED_OK,,2026-01-15 19:01:19
adobe_analytics_txn,mktg_ops_tbls,table,SUCCESS,VALIDATED_OK,,2026-01-15 19:01:23
adobe_analytics_visits,mktg_ops_tbls,table,SUCCESS,VALIDATED_OK,,2026-01-15 19:01:28
adobe_dwb_intrctn,mktg_ops_tbls,table,SUCCESS,VALIDATED_OK,,2026-01-15 19:01:32
adobe_dwb_intrctn_bkp,mktg_ops_tbls,table,SUCCESS,VALIDATED_OK,,2026-01-15 19:01:36
adobe_dwb_intrctn_stg,mktg_ops_tbls,table,SUCCESS,VALIDATED_OK,,2026-01-15 19:01:40
adobe_dwb_intrctn_stg_tmp,mktg_ops_tbls,table,SUCCESS,VALIDATED_OK,,2026-01-15 19:01:44
adobe_dwb_txn,mktg_ops_tbls,table,SUCCESS,VALIDATED_OK,,2026-01-15 19:01:47
adobe_dwb_txn_bkp,mktg_ops_tbls,table,SUCCESS,VALIDATED_OK,,2026-01-15 19:01:51
adobe_dwb_txn_stg,mktg_ops_tbls,table,SUCCESS,VALIDATED_OK,,2026-01-15 19:01:54
agent,mktg_ops_tbls,table,SUCCESS,VALIDATED_OK,,2026-01-15 19:01:58
all_aem_rco_rows,mktg_ops_tbls,table,SUCCESS,VALIDATED_OK,,2026-01-15 19:02:02
aprm_arc_comm_log,mktg_ops_tbls,table,SUCCESS,VALIDATED_OK,,2026-01-15 19:02:06
aprm_audmem_map,mktg_ops_tbls,table,SUCCESS,VALIDATED_OK,,2026-01-15 19:02:09
aprm_bncd_eml_img,mktg_ops_tbls,table,SUCCESS,VALIDATED_OK,,2026-01-15 19:02:15
aprm_dim_activity,mktg_ops_tbls,table,SUCCESS,VALIDATED_OK,,2026-01-15 19:02:18
aprm_email_bncd_b401072026,mktg_ops_tbls,table,SUCCESS,VALIDATED_OK,,2026-01-15 19:02:22
aprm_email_lnk_clkd_img,mktg_ops_tbls,table,SUCCESS,VALIDATED_OK,,2026-01-15 19:02:28
aprm_email_opened_b401072026,mktg_ops_tbls,table,SUCCESS,VALIDATED_OK,,2026-01-15 19:02:32
aprm_email_opened_img,mktg_ops_tbls,table,SUCCESS,VALIDATED_OK,,2026-01-15 19:02:37
aprm_email_remove,mktg_ops_tbls,table,SUCCESS,VALIDATED_OK,,2026-01-15 19:02:40
aprm_email_remove_img,mktg_ops_tbls,table,SUCCESS,VALIDATED_OK,,2026-01-15 19:02:45
aprm_email_sent_img,mktg_ops_tbls,table,SUCCESS,VALIDATED_OK,,2026-01-15 19:02:52
aprm_msg_cnt_blk_img,mktg_ops_tbls,table,SUCCESS,VALIDATED_OK,,2026-01-15 19:02:55
aprm_msg_content_block,mktg_ops_tbls,table,SUCCESS,VALIDATED_OK,,2026-01-15 19:03:00
aprm_wb_apnd_bio_dnr_stsfctn_srvy,mktg_ops_tbls,table,SUCCESS,VALIDATED_OK,,2026-01-15 19:03:04
aprm_wb_apnd_bncd_eml,mktg_ops_tbls,table,SUCCESS,VALIDATED_OK,,2026-01-15 19:03:07
aprm_wb_apnd_cell_cds,mktg_ops_tbls,table,SUCCESS,VALIDATED_OK,,2026-01-15 19:03:11
aprm_wb_apnd_cm_segmnt,mktg_ops_tbls,table,SUCCESS,VALIDATED_OK,,2026-01-15 19:03:15
aprm_wb_apnd_email,mktg_ops_tbls,table,SUCCESS,VALIDATED_OK,,2026-01-15 19:03:21
aprm_wb_apnd_eml_trckng,mktg_ops_tbls,table,SUCCESS,VALIDATED_OK,,2026-01-15 19:03:25
aprm_wb_apnd_eml_trckng_bkp,mktg_ops_tbls,table,SUCCESS,VALIDATED_OK,,2026-01-15 19:03:29
aprm_wb_apnd_inbnd_frm_cmpltd,mktg_ops_tbls,table,SUCCESS,VALIDATED_OK,,2026-01-15 19:03:34
aprm_wb_apnd_mcrst_mtrcs,mktg_ops_tbls,table,SUCCESS,VALIDATED_OK,,2026-01-15 19:03:40
aprm_wb_apnd_outbnd_msgs,mktg_ops_tbls,table,SUCCESS,VALIDATED_OK,,2026-01-15 19:03:45
aprm_wb_apnd_outbnd_msg_snt,mktg_ops_tbls,table,SUCCESS,VALIDATED_OK,,2026-01-15 19:03:49
aprm_wb_apnd_prfrnc_cntr,mktg_ops_tbls,table,SUCCESS,VALIDATED_OK,,2026-01-15 19:04:01
aprm_wb_apnd_rmv_frm_lst,mktg_ops_tbls,table,SUCCESS,VALIDATED_OK,,2026-01-15 19:04:05
aprm_wb_apnd_segmntn,mktg_ops_tbls,table,SUCCESS,VALIDATED_OK,,2026-01-15 19:04:12
aprm_wb_apnd_treatmnts,mktg_ops_tbls,table,SUCCESS,VALIDATED_OK,,2026-01-15 19:04:17
aprm_wb_apnd_unsubs_rplc,mktg_ops_tbls,table,SUCCESS,VALIDATED_OK,,2026-01-15 19:04:23
aprm_wb_replc_activities,mktg_ops_tbls,table,SUCCESS,VALIDATED_OK,,2026-01-15 19:04:28
aprm_wb_replc_act_cells,mktg_ops_tbls,table,SUCCESS,VALIDATED_OK,,2026-01-15 19:04:33
aprm_wb_replc_act_offrs,mktg_ops_tbls,table,SUCCESS,VALIDATED_OK,,2026-01-15 19:04:37
aprm_wb_replc_act_trtmts,mktg_ops_tbls,table,SUCCESS,VALIDATED_OK,,2026-01-15 19:04:42
aprm_wb_replc_offrs,mktg_ops_tbls,table,SUCCESS,VALIDATED_OK,,2026-01-15 19:04:46
aprm_wb_rplc_fr_prf_cntr_lt,mktg_ops_tbls,table,SUCCESS,VALIDATED_OK,,2026-01-15 19:04:51
aprm_wb_rplc_outbnd_msg_snt,mktg_ops_tbls,table,SUCCESS,VALIDATED_OK,,2026-01-15 19:04:56
arc_aem_rco_txn,mktg_ops_tbls,table,SUCCESS,VALIDATED_OK,,2026-01-15 19:05:00
arc_biomed_smry_bkp,mktg_ops_tbls,table,SUCCESS,VALIDATED_OK,,2026-01-15 19:05:08
arc_biomed_txn_bkp,mktg_ops_tbls,table,SUCCESS,VALIDATED_OK,,2026-01-15 19:05:15
arc_biomed_txn_ext_staff,mktg_ops_tbls,table,SUCCESS,VALIDATED_OK,,2026-01-15 19:05:18
arc_biomed_txn_ext_staff_bkp,mktg_ops_tbls,table,SUCCESS,VALIDATED_OK,,2026-01-15 19:05:23
arc_cdi_smry_addr_tmp,mktg_ops_tbls,table,SUCCESS,VALIDATED_OK,,2026-01-15 19:05:31
arc_cdi_smry_email_tmp,mktg_ops_tbls,table,SUCCESS,VALIDATED_OK,,2026-01-15 19:05:35
arc_cdi_smry_extrct,mktg_ops_tbls,table,SUCCESS,VALIDATED_OK,,2026-01-15 19:05:39
arc_cdi_smry_phn_tmp,mktg_ops_tbls,table,SUCCESS,VALIDATED_OK,,2026-01-15 19:05:43
arc_crm_ent_infrd_prfl,mktg_ops_tbls,table,SUCCESS,VALIDATED_OK,,2026-01-15 19:05:49
arc_crm_ent_prfl,mktg_ops_tbls,table,SUCCESS,VALIDATED_OK,,2026-01-15 19:05:55
arc_fr_smry_extrct,mktg_ops_tbls,table,SUCCESS,VALIDATED_OK,,2026-01-15 19:05:58
arc_fr_smry_extrct_tmp,mktg_ops_tbls,table,SUCCESS,VALIDATED_OK,,2026-01-15 19:06:03
arc_fr_smry_mdl,mktg_ops_tbls,table,SUCCESS,VALIDATED_OK,,2026-01-15 19:06:08
arc_fr_txn_all_cnst,mktg_ops_tbls,table,SUCCESS,VALIDATED_OK,,2026-01-15 19:06:13
arc_fr_txn_bkp,mktg_ops_tbls,table,SUCCESS,VALIDATED_OK,,2026-01-15 19:06:19
arc_fr_txn_bnchmrk_extrct,mktg_ops_tbls,table,SUCCESS,VALIDATED_OK,,2026-01-15 19:06:22
arc_fr_txn_del,mktg_ops_tbls,table,SUCCESS,VALIDATED_OK,,2026-01-15 19:06:26
arc_fr_txn_extrct,mktg_ops_tbls,table,SUCCESS,VALIDATED_OK,,2026-01-15 19:06:31
arc_fr_txn_tst,mktg_ops_tbls,table,SUCCESS,VALIDATED_OK,,2026-01-15 19:06:35
arc_fundrsng_summary,mktg_ops_tbls,table,SUCCESS,VALIDATED_OK,,2026-01-15 19:06:40
arc_glossary,mktg_ops_tbls,table,SUCCESS,VALIDATED_OK,,2026-01-15 19:06:43
arc_lob_smry_extrct,mktg_ops_tbls,table,SUCCESS,VALIDATED_OK,,2026-01-15 19:06:47
arc_lob_smry_extrct_oct,mktg_ops_tbls,table,SUCCESS,VALIDATED_OK,,2026-01-15 19:06:50
arc_lob_smry_non_fr_extrct,mktg_ops_tbls,table,SUCCESS,VALIDATED_OK,,2026-01-15 19:06:53
arc_missing_script_numbers,mktg_ops_tbls,table,SUCCESS,VALIDATED_OK,,2026-01-15 19:06:57
arc_phss_recert_txn,mktg_ops_tbls,table,SUCCESS,VALIDATED_OK,,2026-01-15 19:07:00
arc_phss_recert_txn_bkp,mktg_ops_tbls,table,SUCCESS,VALIDATED_OK,,2026-01-15 19:07:04
arc_phss_smry,mktg_ops_tbls,table,SUCCESS,VALIDATED_OK,,2026-01-15 19:07:09
arc_phss_smry_bkp,mktg_ops_tbls,table,SUCCESS,VALIDATED_OK,,2026-01-15 19:07:13
arc_phss_txn,mktg_ops_tbls,table,SUCCESS,VALIDATED_OK,,2026-01-15 19:07:17
arc_phss_txn_bkp,mktg_ops_tbls,table,SUCCESS,VALIDATED_OK,,2026-01-15 19:07:20
arc_simio_rfm_assets_appends,mktg_ops_tbls,table,SUCCESS,VALIDATED_OK,,2026-01-15 19:07:24
arc_tag_extrct_bridge,mktg_ops_tbls,table,SUCCESS,VALIDATED_OK,,2026-01-15 19:07:27
arc_tag_extrct_bridge_bkp,mktg_ops_tbls,table,SUCCESS,VALIDATED_OK,,2026-01-15 19:07:30
arc_tag_non_fr_extrct_bridge,mktg_ops_tbls,table,SUCCESS,VALIDATED_OK,,2026-01-15 19:07:33
arc_tag_non_fr_extrct_bridge_bkp,mktg_ops_tbls,table,SUCCESS,VALIDATED_OK,,2026-01-15 19:07:37
arc_tag_non_fr_extrct_bridge_tmp,mktg_ops_tbls,table,SUCCESS,VALIDATED_OK,,2026-01-15 19:07:41
area_code_2_time_zone,mktg_ops_tbls,table,SUCCESS,VALIDATED_OK,,2026-01-15 19:07:49
awb_cdi_mstr_mrg,mktg_ops_tbls,table,SUCCESS,VALIDATED_OK,,2026-01-15 19:07:56
awb_dmail_xtrct,mktg_ops_tbls,table,SUCCESS,VALIDATED_OK,,2026-01-15 19:07:59
awb_dntn_xtrct,mktg_ops_tbls,table,SUCCESS,VALIDATED_OK,,2026-01-15 19:08:03
awb_rcpnt_2_cdi_mstr,mktg_ops_tbls,table,SUCCESS,VALIDATED_OK,,2026-01-15 19:08:06
awb_rcpnt_2_cdi_mstr_xtrct,mktg_ops_tbls,table,SUCCESS,VALIDATED_OK,,2026-01-15 19:08:10
bio_dnr_srvy_donat_key_map,mktg_ops_tbls,table,SUCCESS,VALIDATED_OK,,2026-01-15 19:08:14
bzfc_active_cnst_multi_snpsht,mktg_ops_tbls,table,SUCCESS,VALIDATED_OK,,2026-01-15 19:08:18
bzfc_active_cnst_segmnt,mktg_ops_tbls,table,SUCCESS,VALIDATED_OK,,2026-01-15 19:08:23
bzfc_active_cnst_snpsht,mktg_ops_tbls,table,SUCCESS,VALIDATED_OK,,2026-01-15 19:08:26
bzfc_adb_recipient_insrt_delta,mktg_ops_tbls,table,SUCCESS,VALIDATED_OK,,2026-01-15 19:08:30
bzfc_adb_recipient_updt_delta,mktg_ops_tbls,table,SUCCESS,VALIDATED_OK,,2026-01-15 19:08:34
bzfc_bio_dnr_segment_dashbrd,mktg_ops_tbls,table,SUCCESS,VALIDATED_OK,,2026-01-15 19:08:39
bzfc_cnst_fr_prfr_em_prfl,mktg_ops_tbls,table,SUCCESS,VALIDATED_OK,,2026-01-15 19:08:47
bzfc_fact_dmail_interaction_b401072026,mktg_ops_tbls,table,SUCCESS,VALIDATED_OK,,2026-01-15 19:08:51
bzfc_fact_donation,mktg_ops_tbls,table,SUCCESS,VALIDATED_OK,,2026-01-15 19:08:58
bzfc_fact_interaction,mktg_ops_tbls,table,SUCCESS,VALIDATED_OK,,2026-01-15 19:09:02
bzfc_fact_interaction_all_b401072026,mktg_ops_tbls,table,SUCCESS,VALIDATED_OK,,2026-01-15 19:09:06
bzfc_fact_intrctn_em_smry,mktg_ops_tbls,table,SUCCESS,VALIDATED_OK,,2026-01-15 19:09:09
bzfc_fact_phone_interaction_b401072026,mktg_ops_tbls,table,SUCCESS,VALIDATED_OK,,2026-01-15 19:09:13
bzfc_fact_response_all,mktg_ops_tbls,table,SUCCESS,VALIDATED_OK,,2026-01-15 19:09:17
bzfc_fact_response_new,mktg_ops_tbls,table,SUCCESS,VALIDATED_OK,,2026-01-15 19:09:21
bzfc_fact_sms_interaction,mktg_ops_tbls,table,SUCCESS,VALIDATED_OK,,2026-01-15 19:09:25
bzfc_fact_surv_resp,mktg_ops_tbls,table,SUCCESS,VALIDATED_OK,,2026-01-15 19:09:30
bzfc_pg_response_log,mktg_ops_tbls,table,SUCCESS,VALIDATED_OK,,2026-01-15 19:09:33
bzfc_pg_response_log_ref,mktg_ops_tbls,table,SUCCESS,VALIDATED_OK,,2026-01-15 19:09:38
bzfc_phss_lrnr_list_membrshp,mktg_ops_tbls,table,SUCCESS,VALIDATED_OK,,2026-01-15 19:09:41
bzfc_sms_fr_prfl,mktg_ops_tbls,table,SUCCESS,VALIDATED_OK,,2026-01-15 19:09:45
bzfc_sms_profile,mktg_ops_tbls,table,SUCCESS,VALIDATED_OK,,2026-01-15 19:09:49
bzfc_sponsor_journey_detail,mktg_ops_tbls,table,SUCCESS,VALIDATED_OK,,2026-01-15 19:09:54
bzfc_sponsor_journey_smry,mktg_ops_tbls,table,SUCCESS,VALIDATED_OK,,2026-01-15 19:09:57
bzf_cem_cnst_opt_outs_copy,mktg_ops_tbls,table,SUCCESS,VALIDATED_OK,,2026-01-15 19:10:12
bzf_cem_cnst_opt_outs_stg,mktg_ops_tbls,table,SUCCESS,VALIDATED_OK,,2026-01-15 19:10:17
bzf_cnst_cdi_sltn_id,mktg_ops_tbls,table,SUCCESS,VALIDATED_OK,,2026-01-15 19:10:23
bzf_cnst_cdi_sltn_id_1,mktg_ops_tbls,table,SUCCESS,VALIDATED_OK,,2026-01-15 19:10:29
bzf_cnst_cdi_sltn_id_2,mktg_ops_tbls,table,SUCCESS,VALIDATED_OK,,2026-01-15 19:10:33
bzf_cnst_cdi_sltn_id_3,mktg_ops_tbls,table,SUCCESS,VALIDATED_OK,,2026-01-15 19:10:39
bzf_cnst_cdi_sltn_id_4,mktg_ops_tbls,table,SUCCESS,VALIDATED_OK,,2026-01-15 19:10:43
bzf_cnst_cdi_sltn_id_5,mktg_ops_tbls,table,SUCCESS,VALIDATED_OK,,2026-01-15 19:10:47
bzf_cnst_cdi_sltn_id_all,mktg_ops_tbls,table,SUCCESS,VALIDATED_OK,,2026-01-15 19:10:51
bzf_cnst_cdi_sltn_id_bk,mktg_ops_tbls,table,SUCCESS,VALIDATED_OK,,2026-01-15 19:10:55
bzf_cnst_chrctrstc_simio,mktg_ops_tbls,table,SUCCESS,VALIDATED_OK,,2026-01-15 19:10:59
bzf_cnst_scr_simio,mktg_ops_tbls,table,SUCCESS,VALIDATED_OK,,2026-01-15 19:11:05
bzl_cnst_fsa_acqstn,mktg_ops_tbls,table,SUCCESS,VALIDATED_OK,,2026-01-15 19:11:08
bzl_cnst_mstr_fsa_in_primary,mktg_ops_tbls,table,SUCCESS,VALIDATED_OK,,2026-01-15 19:11:11
bz_adobe_analytics_rco_txn,mktg_ops_tbls,table,SUCCESS,VALIDATED_OK,,2026-01-15 19:11:17
bz_adobe_analytics_ts_txn,mktg_ops_tbls,table,SUCCESS,VALIDATED_OK,,2026-01-15 19:11:20
bz_arcpg_response_typ,mktg_ops_tbls,table,SUCCESS,VALIDATED_OK,,2026-01-15 19:11:23
bz_arc_fr_smry_atg_first_tm,mktg_ops_tbls,table,SUCCESS,VALIDATED_OK,,2026-01-15 19:11:26
bz_arc_fr_smry_rco_first_tm,mktg_ops_tbls,table,SUCCESS,VALIDATED_OK,,2026-01-15 19:11:30
bz_arc_fr_smry_rco_last_donat,mktg_ops_tbls,table,SUCCESS,VALIDATED_OK,,2026-01-15 19:11:33
bz_arc_fr_smry_rco_last_sustnr_donat,mktg_ops_tbls,table,SUCCESS,VALIDATED_OK,,2026-01-15 19:11:36
bz_cnst_birth_best,mktg_ops_tbls,table,SUCCESS,VALIDATED_OK,,2026-01-15 19:11:39
bz_cnst_gender_best,mktg_ops_tbls,table,SUCCESS,VALIDATED_OK,,2026-01-15 19:11:45
bz_cur_mth_bio_donor_freq,mktg_ops_tbls,table,SUCCESS,VALIDATED_OK,,2026-01-15 19:11:48
bz_cur_mth_bio_donor_freq2,mktg_ops_tbls,table,SUCCESS,VALIDATED_OK,,2026-01-15 19:11:54
bz_dim_cnst_demographic,mktg_ops_tbls,table,SUCCESS,VALIDATED_OK,,2026-01-15 19:12:00
bz_dim_rpt_cell_cd,mktg_ops_tbls,table,SUCCESS,VALIDATED_OK,,2026-01-15 19:12:03
bz_dim_treatmnt,mktg_ops_tbls,table,SUCCESS,VALIDATED_OK,,2026-01-15 19:12:09
bz_fact_interaction_pg,mktg_ops_tbls,table,SUCCESS,VALIDATED_OK,,2026-01-15 19:12:14
bz_fact_response_pg,mktg_ops_tbls,table,SUCCESS,VALIDATED_OK,,2026-01-15 19:12:18
bz_google_analytics_txn,mktg_ops_tbls,table,SUCCESS,VALIDATED_OK,,2026-01-15 19:12:24
bz_pg_group_membrshp,mktg_ops_tbls,table,SUCCESS,VALIDATED_OK,,2026-01-15 19:12:27
campgn_prospct_list,mktg_ops_tbls,table,SUCCESS,VALIDATED_OK,,2026-01-15 19:12:30
campgn_yr_end_dow_projctn_b401072026,mktg_ops_tbls,table,SUCCESS,VALIDATED_OK,,2026-01-15 19:12:33
chptr_list_membrshp,mktg_ops_tbls,table,SUCCESS,VALIDATED_OK,,2026-01-15 19:12:36
chptr_portal_list_typ_ref,mktg_ops_tbls,table,SUCCESS,VALIDATED_OK,,2026-01-15 19:12:40
cnst_addr_ncoa_log,mktg_ops_tbls,table,SUCCESS,VALIDATED_OK,,2026-01-15 19:12:43
cnst_cdi_bio_preferred_dmail,mktg_ops_tbls,table,SUCCESS,VALIDATED_OK,,2026-01-15 19:12:46
cnst_cdi_bio_preferred_email,mktg_ops_tbls,table,SUCCESS,VALIDATED_OK,,2026-01-15 19:12:49
cnst_cdi_phss_preferred_dmail,mktg_ops_tbls,table,SUCCESS,VALIDATED_OK,,2026-01-15 19:12:52
cnst_cdi_phss_preferred_email,mktg_ops_tbls,table,SUCCESS,VALIDATED_OK,,2026-01-15 19:12:56
cnst_cdi_smry_bio_prfr,mktg_ops_tbls,table,SUCCESS,VALIDATED_OK,,2026-01-15 19:13:00
cnst_cdi_smry_non_fr_prfr,mktg_ops_tbls,table,SUCCESS,VALIDATED_OK,,2026-01-15 19:13:03
cnst_cdi_smry_phss_prfr,mktg_ops_tbls,table,SUCCESS,VALIDATED_OK,,2026-01-15 19:13:06
cnst_cdi_smry_phss_prfr_stg,mktg_ops_tbls,table,SUCCESS,VALIDATED_OK,,2026-01-15 19:13:09
cnst_cdi_smry_vms_prfr,mktg_ops_tbls,table,SUCCESS,VALIDATED_OK,,2026-01-15 19:13:13
cnst_cdi_smry_vms_prfr_stg,mktg_ops_tbls,table,SUCCESS,VALIDATED_OK,,2026-01-15 19:13:16
cnst_cdi_s_f_p_fr_dmail,mktg_ops_tbls,table,SUCCESS,VALIDATED_OK,,2026-01-15 19:13:19
cnst_cdi_s_f_p_fr_email,mktg_ops_tbls,table,SUCCESS,VALIDATED_OK,,2026-01-15 19:13:22
cnst_cdi_vms_preferred_dmail,mktg_ops_tbls,table,SUCCESS,VALIDATED_OK,,2026-01-15 19:13:26
cnst_cdi_vms_preferred_email,mktg_ops_tbls,table,SUCCESS,VALIDATED_OK,,2026-01-15 19:13:29
cnst_scr_acct,mktg_ops_tbls,table,SUCCESS,VALIDATED_OK,,2026-01-15 19:13:32
cnvo_reactivation_list,mktg_ops_tbls,table,SUCCESS,VALIDATED_OK,,2026-01-15 19:13:35
dim_bio_donat_freq,mktg_ops_tbls,table,SUCCESS,VALIDATED_OK,,2026-01-15 19:13:39
dim_bio_mstr_cust_appnd_b401072026,mktg_ops_tbls,table,SUCCESS,VALIDATED_OK,,2026-01-15 19:13:42
dim_bio_product,mktg_ops_tbls,table,SUCCESS,VALIDATED_OK,,2026-01-15 19:13:45
dim_campgn,mktg_ops_tbls,table,SUCCESS,VALIDATED_OK,,2026-01-15 19:13:48
dim_delivery,mktg_ops_tbls,table,SUCCESS,VALIDATED_OK,,2026-01-15 19:13:52
dim_dm_src_treatmnt_xref,mktg_ops_tbls,table,SUCCESS,VALIDATED_OK,,2026-01-15 19:13:55
dim_email_segmnt,mktg_ops_tbls,table,SUCCESS,VALIDATED_OK,,2026-01-15 19:14:00
dim_phone_adtnl_reqst,mktg_ops_tbls,table,SUCCESS,VALIDATED_OK,,2026-01-15 19:14:08
dim_phone_call_dspstn,mktg_ops_tbls,table,SUCCESS,VALIDATED_OK,,2026-01-15 19:14:11
dim_phone_campgn,mktg_ops_tbls,table,SUCCESS,VALIDATED_OK,,2026-01-15 19:14:14
dim_phone_campgn_bkp,mktg_ops_tbls,table,SUCCESS,VALIDATED_OK,,2026-01-15 19:14:17
dim_phone_campgn_src_cd_xref,mktg_ops_tbls,table,SUCCESS,VALIDATED_OK,,2026-01-15 19:14:21
dim_phone_script,mktg_ops_tbls,table,SUCCESS,VALIDATED_OK,,2026-01-15 19:14:24
dim_recipient,mktg_ops_tbls,table,SUCCESS,VALIDATED_OK,,2026-01-15 19:14:27
dim_src_2_intrctn_brdg,mktg_ops_tbls,table,SUCCESS,VALIDATED_OK,,2026-01-15 19:14:32
dim_treatmnt,mktg_ops_tbls,table,SUCCESS,VALIDATED_OK,,2026-01-15 19:14:35
dim_unit_military_station_zips,mktg_ops_tbls,table,SUCCESS,VALIDATED_OK,,2026-01-15 19:14:39
dim_vol_inactvtn_rsn_cd,mktg_ops_tbls,table,SUCCESS,VALIDATED_OK,,2026-01-15 19:14:42
dm_campaign_hist_b401072026,mktg_ops_tbls,table,SUCCESS,VALIDATED_OK,,2026-01-15 19:14:46
dm_campaign_pg_hist_b401072026,mktg_ops_tbls,table,SUCCESS,VALIDATED_OK,,2026-01-15 19:14:50
dv_active_segmnt_snapsht,mktg_ops_tbls,table,SUCCESS,VALIDATED_OK,,2026-01-15 19:14:53
dv_arc_bio_smry,mktg_ops_tbls,table,SUCCESS,VALIDATED_OK,,2026-01-15 19:14:56
dv_arc_entrprs_smry,mktg_ops_tbls,table,SUCCESS,VALIDATED_OK,,2026-01-15 19:14:59
dv_arc_fr_smry,mktg_ops_tbls,table,SUCCESS,VALIDATED_OK,,2026-01-15 19:15:02
dv_arc_phss_smry,mktg_ops_tbls,table,SUCCESS,VALIDATED_OK,,2026-01-15 19:15:05
dv_arc_vms_smry,mktg_ops_tbls,table,SUCCESS,VALIDATED_OK,,2026-01-15 19:15:08
dv_channel_accessibility_stg,mktg_ops_tbls,table,SUCCESS,VALIDATED_OK,,2026-01-15 19:15:14
dv_de_accessblty_lifestg,mktg_ops_tbls,table,SUCCESS,VALIDATED_OK,,2026-01-15 19:15:17
dv_de_accessblty_overall,mktg_ops_tbls,table,SUCCESS,VALIDATED_OK,,2026-01-15 19:15:21
dv_de_scorcrd_campgns,mktg_ops_tbls,table,SUCCESS,VALIDATED_OK,,2026-01-15 19:15:24
dv_digtl_engmnt_scorcrd,mktg_ops_tbls,table,SUCCESS,VALIDATED_OK,,2026-01-15 19:15:27
email_src_cd,mktg_ops_tbls,table,SUCCESS,VALIDATED_OK,,2026-01-15 19:15:30
esri_blockgroup_demgrphc,mktg_ops_tbls,table,SUCCESS,VALIDATED_OK,,2026-01-15 19:15:33
esri_zip_cd_demgrphc,mktg_ops_tbls,table,SUCCESS,VALIDATED_OK,,2026-01-15 19:15:36
fact_dmail_interaction,mktg_ops_tbls,table,SUCCESS,VALIDATED_OK,,2026-01-15 19:15:40
fact_dmail_interaction_bkp,mktg_ops_tbls,table,SUCCESS,VALIDATED_OK,,2026-01-15 19:15:43
fact_email_interaction,mktg_ops_tbls,table,SUCCESS,VALIDATED_OK,,2026-01-15 19:15:47
fact_interaction_aprm,mktg_ops_tbls,table,SUCCESS,VALIDATED_OK,,2026-01-15 19:15:50
fact_interaction_bb_b401072026,mktg_ops_tbls,table,SUCCESS,VALIDATED_OK,,2026-01-15 19:15:53
fact_interaction_ff_b401072026,mktg_ops_tbls,table,SUCCESS,VALIDATED_OK,,2026-01-15 19:15:57
fact_phone_interaction,mktg_ops_tbls,table,SUCCESS,VALIDATED_OK,,2026-01-15 19:16:01
fact_vol_applctn,mktg_ops_tbls,table,SUCCESS,VALIDATED_OK,,2026-01-15 19:16:06
fact_vs_surv_resp,mktg_ops_tbls,table,SUCCESS,VALIDATED_OK,,2026-01-15 19:16:17
final_mobile_common_opt_out,mktg_ops_tbls,table,SUCCESS,VALIDATED_OK,,2026-01-15 19:16:20
fix_site_vol_recruit,mktg_ops_tbls,table,SUCCESS,VALIDATED_OK,,2026-01-15 19:16:23
fresh_address_email_append,mktg_ops_tbls,table,SUCCESS,VALIDATED_OK,,2026-01-15 19:16:27
global_suprs_cnst_email,mktg_ops_tbls,table,SUCCESS,VALIDATED_OK,,2026-01-15 19:16:33
global_suprs_domain_b401072026,mktg_ops_tbls,table,SUCCESS,VALIDATED_OK,,2026-01-15 19:16:36
global_suprs_email_b401072026,mktg_ops_tbls,table,SUCCESS,VALIDATED_OK,,2026-01-15 19:16:40
gms_arc_fr_smry,mktg_ops_tbls,table,SUCCESS,VALIDATED_OK,,2026-01-15 19:16:43
gms_arc_fr_smry_cbg,mktg_ops_tbls,table,SUCCESS,VALIDATED_OK,,2026-01-15 19:16:46
gms_arc_fr_smry_sustnr,mktg_ops_tbls,table,SUCCESS,VALIDATED_OK,,2026-01-15 19:16:50
gms_bzfc_adb_fact_donation,mktg_ops_tbls,table,SUCCESS,VALIDATED_OK,,2026-01-15 19:16:56
gms_bzfc_cdi_fr_prfr_email_profile,mktg_ops_tbls,table,SUCCESS,VALIDATED_OK,,2026-01-15 19:16:59
gms_bzfc_cnst_fr_prfr_em_prfl,mktg_ops_tbls,table,SUCCESS,VALIDATED_OK,,2026-01-15 19:17:03
gms_bzfc_donation_rank,mktg_ops_tbls,table,SUCCESS,VALIDATED_OK,,2026-01-15 19:17:06
gms_bzfc_fact_ask_cntct_intrctn,mktg_ops_tbls,table,SUCCESS,VALIDATED_OK,,2026-01-15 19:17:10
gms_bzfc_fact_email_intrctn_smry,mktg_ops_tbls,table,SUCCESS,VALIDATED_OK,,2026-01-15 19:17:13
gms_bzf_cnst_cnstcy,mktg_ops_tbls,table,SUCCESS,VALIDATED_OK,,2026-01-15 19:17:17
gms_bzf_cnst_cnstcy_curnt,mktg_ops_tbls,table,SUCCESS,VALIDATED_OK,,2026-01-15 19:17:22
gms_bz_pg_group_membrshp,mktg_ops_tbls,table,SUCCESS,VALIDATED_OK,,2026-01-15 19:17:27
gms_cnst_behvrl_segmnt,mktg_ops_tbls,table,SUCCESS,VALIDATED_OK,,2026-01-15 19:17:32
gms_cnst_cdi_smry_fr_pa_dm,mktg_ops_tbls,table,SUCCESS,VALIDATED_OK,,2026-01-15 19:17:36
gms_cnst_cdi_smry_fr_prfr_bzf_cem_cnst_opt_outs_stg,mktg_ops_tbls,table,SUCCESS,VALIDATED_OK,,2026-01-15 19:17:46
gms_cnst_cdi_smry_fr_prfr_sncy,mktg_ops_tbls,table,SUCCESS,VALIDATED_OK,,2026-01-15 19:17:49
gms_cnst_cdi_smry_fr_prfr_stg,mktg_ops_tbls,table,SUCCESS,VALIDATED_OK,,2026-01-15 19:17:53
google_analytics_txn,mktg_ops_tbls,table,SUCCESS,VALIDATED_OK,,2026-01-15 19:18:05
mktg_load_cntl,mktg_ops_tbls,table,SUCCESS,VALIDATED_OK,,2026-01-15 19:18:15
mktg_sky_dates_b401072026,mktg_ops_tbls,table,SUCCESS,VALIDATED_OK,,2026-01-15 19:18:20
mktg_snapsht_load_cntl_b401072026,mktg_ops_tbls,table,SUCCESS,VALIDATED_OK,,2026-01-15 19:18:23
mobile_commons_active,mktg_ops_tbls,table,SUCCESS,VALIDATED_OK,,2026-01-15 19:18:29
name_gender,mktg_ops_tbls,table,SUCCESS,VALIDATED_OK,,2026-01-15 19:18:32
nhqmktg_cdrp_enrllmnt_ref,mktg_ops_tbls,table,SUCCESS,VALIDATED_OK,,2026-01-15 19:18:37
nhqmktg_cdrp_enrllmnt_sts,mktg_ops_tbls,table,SUCCESS,VALIDATED_OK,,2026-01-15 19:18:41
pacific_east_email_append,mktg_ops_tbls,table,SUCCESS,VALIDATED_OK,,2026-01-15 19:18:44
pacific_east_phone_append,mktg_ops_tbls,table,SUCCESS,VALIDATED_OK,,2026-01-15 19:18:48
pbi_bio_demogrphcs,mktg_ops_tbls,table,SUCCESS,VALIDATED_OK,,2026-01-15 19:18:51
pbi_bzl_fact_show_prodctv_ind,mktg_ops_tbls,table,SUCCESS,VALIDATED_OK,,2026-01-15 19:18:56
pbi_cfremappend_cnst,mktg_ops_tbls,table,SUCCESS,VALIDATED_OK,,2026-01-15 19:19:00
pbi_cfremappend_cohort,mktg_ops_tbls,table,SUCCESS,VALIDATED_OK,,2026-01-15 19:19:03
pbi_entrprs_campgn_comnts,mktg_ops_tbls,table,SUCCESS,VALIDATED_OK,,2026-01-15 19:19:07
pbi_entrprs_campgn_non_adb,mktg_ops_tbls,table,SUCCESS,VALIDATED_OK,,2026-01-15 19:19:11
pbi_entrprs_campgn_results,mktg_ops_tbls,table,SUCCESS,VALIDATED_OK,,2026-01-15 19:19:15
pbi_entrprs_campgn_smry,mktg_ops_tbls,table,SUCCESS,VALIDATED_OK,,2026-01-15 19:19:21
pbi_entrprs_campgn_ts_sends,mktg_ops_tbls,table,SUCCESS,VALIDATED_OK,,2026-01-15 19:19:25
pbi_fact_bio_freq_rtntn_snpsht,mktg_ops_tbls,table,SUCCESS,VALIDATED_OK,,2026-01-15 19:19:34
pbi_model_perf_auc,mktg_ops_tbls,table,SUCCESS,VALIDATED_OK,,2026-01-15 19:19:37
pbi_model_perf_dashbrd,mktg_ops_tbls,table,SUCCESS,VALIDATED_OK,,2026-01-15 19:19:40
pbi_model_perf_dim_lol,mktg_ops_tbls,table,SUCCESS,VALIDATED_OK,,2026-01-15 19:19:43
pbi_model_perf_tlres,mktg_ops_tbls,table,SUCCESS,VALIDATED_OK,,2026-01-15 19:19:47
pbi_sales_pricing_budget_b401072026,mktg_ops_tbls,table,SUCCESS,VALIDATED_OK,,2026-01-15 19:19:50
pg_calc_stuart_upld_lkp,mktg_ops_tbls,table,SUCCESS,VALIDATED_OK,,2026-01-15 19:19:53
pg_group_ref,mktg_ops_tbls,table,SUCCESS,VALIDATED_OK,,2026-01-15 19:19:56
pg_response_log_exclusion,mktg_ops_tbls,table,SUCCESS,VALIDATED_OK,,2026-01-15 19:20:01
pg_src_convrsn,mktg_ops_tbls,table,SUCCESS,VALIDATED_OK,,2026-01-15 19:20:04
phone_interaction_eoc,mktg_ops_tbls,table,SUCCESS,VALIDATED_OK,,2026-01-15 19:20:08
phone_interaction_pg_eoc,mktg_ops_tbls,table,SUCCESS,VALIDATED_OK,,2026-01-15 19:20:11
phone_interaction_sustnr_upgr,mktg_ops_tbls,table,SUCCESS,VALIDATED_OK,,2026-01-15 19:20:15
pref_cnst_mstr,mktg_ops_tbls,table,SUCCESS,VALIDATED_OK,,2026-01-15 19:20:18
prodct_distrbtn_bdgt,mktg_ops_tbls,table,SUCCESS,VALIDATED_OK,,2026-01-15 19:20:21
replication_adb_nmsbroadlogmsg,mktg_ops_tbls,table,SUCCESS,VALIDATED_OK,,2026-01-15 19:20:24
replication_adb_nmsoperation,mktg_ops_tbls,table,SUCCESS,VALIDATED_OK,,2026-01-15 19:20:27
replication_adb_xtkworkflow,mktg_ops_tbls,table,SUCCESS,VALIDATED_OK,,2026-01-15 19:20:31
replication_aprm_email_remove,mktg_ops_tbls,table,SUCCESS,VALIDATED_OK,,2026-01-15 19:20:34
replication_aprm_wb_apnd_outbnd_msgs,mktg_ops_tbls,table,SUCCESS,VALIDATED_OK,,2026-01-15 19:20:38
replication_bz_email_src_cd,mktg_ops_tbls,table,SUCCESS,VALIDATED_OK,,2026-01-15 19:20:42
replication_dim_person,mktg_ops_tbls,table,SUCCESS,VALIDATED_OK,,2026-01-15 19:20:45
replication_fact_interaction_aprm,mktg_ops_tbls,table,SUCCESS,VALIDATED_OK,,2026-01-15 19:20:51
replication_rr_rqq_rql_file_xref,mktg_ops_tbls,table,SUCCESS,VALIDATED_OK,,2026-01-15 19:20:55
rr_rqq_rql_file_xref_b401072026,mktg_ops_tbls,table,SUCCESS,VALIDATED_OK,,2026-01-15 19:20:58
scr,mktg_ops_tbls,table,SUCCESS,VALIDATED_OK,,2026-01-15 19:21:01
scr_val_ref,mktg_ops_tbls,table,SUCCESS,VALIDATED_OK,,2026-01-15 19:21:04
srvy_anvrsry_vlntr_load_cntl,mktg_ops_tbls,table,SUCCESS,VALIDATED_OK,,2026-01-15 19:21:07
srvy_anvrsry_vlntr_questions,mktg_ops_tbls,table,SUCCESS,VALIDATED_OK,,2026-01-15 19:21:10
srvy_anvrsry_vlntr_questn_2_srvy_xref,mktg_ops_tbls,table,SUCCESS,VALIDATED_OK,,2026-01-15 19:21:13
srvy_anvrsry_vlntr_rspns_norm,mktg_ops_tbls,table,SUCCESS,VALIDATED_OK,,2026-01-15 19:21:16
srvy_anvrsry_vlntr_rspns_txt_norm,mktg_ops_tbls,table,SUCCESS,VALIDATED_OK,,2026-01-15 19:21:20
srvy_anvrsy_vlntr_rspns,mktg_ops_tbls,table,SUCCESS,VALIDATED_OK,,2026-01-15 19:21:24
srvy_anvrsy_vlntr_rspns_all,mktg_ops_tbls,table,SUCCESS,VALIDATED_OK,,2026-01-15 19:21:27
srvy_anvrsy_vlntr_rspns_cmnt,mktg_ops_tbls,table,SUCCESS,VALIDATED_OK,,2026-01-15 19:21:30
srvy_anvrsy_vlntr_rspns_cmnt_curnt,mktg_ops_tbls,table,SUCCESS,VALIDATED_OK,,2026-01-15 19:21:33
srvy_anvrsy_vlntr_rspns_fy21,mktg_ops_tbls,table,SUCCESS,VALIDATED_OK,,2026-01-15 19:21:37
srvy_anvrsy_vlntr_rspns_load_cntl,mktg_ops_tbls,table,SUCCESS,VALIDATED_OK,,2026-01-15 19:21:43
srvy_blood_sponsor_load_cntl,mktg_ops_tbls,table,SUCCESS,VALIDATED_OK,,2026-01-15 19:21:46
srvy_blood_sponsor_questions,mktg_ops_tbls,table,SUCCESS,VALIDATED_OK,,2026-01-15 19:21:49
srvy_blood_sponsor_questn_2_srvy_xref,mktg_ops_tbls,table,SUCCESS,VALIDATED_OK,,2026-01-15 19:21:54
srvy_blood_sponsor_respondents,mktg_ops_tbls,table,SUCCESS,VALIDATED_OK,,2026-01-15 19:21:58
srvy_blood_sponsor_rspns,mktg_ops_tbls,table,SUCCESS,VALIDATED_OK,,2026-01-15 19:22:03
srvy_dim_survey,mktg_ops_tbls,table,SUCCESS,VALIDATED_OK,,2026-01-15 19:22:07
srvy_dim_values,mktg_ops_tbls,table,SUCCESS,VALIDATED_OK,,2026-01-15 19:22:11
srvy_gplg_rspns,mktg_ops_tbls,table,SUCCESS,VALIDATED_OK,,2026-01-15 19:22:15
srvy_hsptl_customer_contact,mktg_ops_tbls,table,SUCCESS,VALIDATED_OK,,2026-01-15 19:22:29
srvy_hsptl_load_cntl,mktg_ops_tbls,table,SUCCESS,VALIDATED_OK,,2026-01-15 19:22:32
srvy_hsptl_periods_hst,mktg_ops_tbls,table,SUCCESS,VALIDATED_OK,,2026-01-15 19:22:36
srvy_hsptl_questions,mktg_ops_tbls,table,SUCCESS,VALIDATED_OK,,2026-01-15 19:22:40
srvy_hsptl_questions_hst,mktg_ops_tbls,table,SUCCESS,VALIDATED_OK,,2026-01-15 19:22:44
srvy_hsptl_questn_catgry,mktg_ops_tbls,table,SUCCESS,VALIDATED_OK,,2026-01-15 19:22:50
srvy_hsptl_respondents,mktg_ops_tbls,table,SUCCESS,VALIDATED_OK,,2026-01-15 19:22:53
srvy_hsptl_respondents_hst,mktg_ops_tbls,table,SUCCESS,VALIDATED_OK,,2026-01-15 19:22:56
srvy_hsptl_respondents_hst_b4072825,mktg_ops_tbls,table,SUCCESS,VALIDATED_OK,,2026-01-15 19:23:00
srvy_hsptl_rspns,mktg_ops_tbls,table,SUCCESS,VALIDATED_OK,,2026-01-15 19:23:03
srvy_hsptl_rspns_hst,mktg_ops_tbls,table,SUCCESS,VALIDATED_OK,,2026-01-15 19:23:06
srvy_hsptl_rspns_txt,mktg_ops_tbls,table,SUCCESS,VALIDATED_OK,,2026-01-15 19:23:09
srvy_hsptl_sf_contact,mktg_ops_tbls,table,SUCCESS,VALIDATED_OK,,2026-01-15 19:23:13
srvy_hsptl_survey,mktg_ops_tbls,table,SUCCESS,VALIDATED_OK,,2026-01-15 19:23:16
srvy_hsptl_survey_hst,mktg_ops_tbls,table,SUCCESS,VALIDATED_OK,,2026-01-15 19:23:20
srvy_hsptl_values,mktg_ops_tbls,table,SUCCESS,VALIDATED_OK,,2026-01-15 19:23:23
srvy_hsptl_values_hst,mktg_ops_tbls,table,SUCCESS,VALIDATED_OK,,2026-01-15 19:23:26
srvy_new_anvrsy_vlntr_rspns,mktg_ops_tbls,table,SUCCESS,VALIDATED_OK,,2026-01-15 19:23:29
srvy_new_vlntr_load_cntl,mktg_ops_tbls,table,SUCCESS,VALIDATED_OK,,2026-01-15 19:23:32
srvy_new_vlntr_questions,mktg_ops_tbls,table,SUCCESS,VALIDATED_OK,,2026-01-15 19:23:35
srvy_new_vlntr_questn_2_srvy_xref,mktg_ops_tbls,table,SUCCESS,VALIDATED_OK,,2026-01-15 19:23:39
srvy_new_vlntr_rspns,mktg_ops_tbls,table,SUCCESS,VALIDATED_OK,,2026-01-15 19:23:42
srvy_new_vlntr_rspns_cmnt_curnt,mktg_ops_tbls,table,SUCCESS,VALIDATED_OK,,2026-01-15 19:23:45
srvy_new_vlntr_rspns_fy21,mktg_ops_tbls,table,SUCCESS,VALIDATED_OK,,2026-01-15 19:23:49
srvy_new_vlntr_rspns_fy22,mktg_ops_tbls,table,SUCCESS,VALIDATED_OK,,2026-01-15 19:23:52
srvy_new_vlntr_rspns_load_cntl,mktg_ops_tbls,table,SUCCESS,VALIDATED_OK,,2026-01-15 19:23:55
srvy_new_vlntr_rspns_norm,mktg_ops_tbls,table,SUCCESS,VALIDATED_OK,,2026-01-15 19:23:58
srvy_new_vlntr_rspns_txt_norm,mktg_ops_tbls,table,SUCCESS,VALIDATED_OK,,2026-01-15 19:24:02
srvy_new_vlntr_rspns_v21,mktg_ops_tbls,table,SUCCESS,VALIDATED_OK,,2026-01-15 19:24:05
srvy_rgnl_ldrshp,mktg_ops_tbls,table,SUCCESS,VALIDATED_OK,,2026-01-15 19:24:10
srvy_rgnl_ldrshp_fy21,mktg_ops_tbls,table,SUCCESS,VALIDATED_OK,,2026-01-15 19:24:14
srvy_rgnl_ldrshp_hst,mktg_ops_tbls,table,SUCCESS,VALIDATED_OK,,2026-01-15 19:24:17
srvy_rgnl_ldrshp_sent,mktg_ops_tbls,table,SUCCESS,VALIDATED_OK,,2026-01-15 19:24:20
srvy_vlntr_dim_values,mktg_ops_tbls,table,SUCCESS,VALIDATED_OK,,2026-01-15 19:24:25
srvy_vlntr_p2p_rfrl,mktg_ops_tbls,table,SUCCESS,VALIDATED_OK,,2026-01-15 19:24:29
suprsn_ts_cnst,mktg_ops_tbls,table,SUCCESS,VALIDATED_OK,,2026-01-15 19:24:34
suspect_domains,mktg_ops_tbls,table,SUCCESS,VALIDATED_OK,,2026-01-15 19:24:37
sw_email_subscrb,mktg_ops_tbls,table,SUCCESS,VALIDATED_OK,,2026-01-15 19:24:40
sw_email_unsubscrb,mktg_ops_tbls,table,SUCCESS,VALIDATED_OK,,2026-01-15 19:24:44
users,mktg_ops_tbls,table,SUCCESS,VALIDATED_OK,,2026-01-15 19:24:47
utl_angry_client,mktg_ops_tbls,table,SUCCESS,VALIDATED_OK,,2026-01-15 19:24:50
utl_mcl_hard_bounces,mktg_ops_tbls,table,SUCCESS,VALIDATED_OK,,2026-01-15 19:24:54
utl_mc_bounces,mktg_ops_tbls,table,SUCCESS,VALIDATED_OK,,2026-01-15 19:24:57
utl_mc_unsubs,mktg_ops_tbls,table,SUCCESS,VALIDATED_OK,,2026-01-15 19:25:00
vaidity_email_valdtn,mktg_ops_tbls,table,SUCCESS,VALIDATED_OK,,2026-01-15 19:25:04
vcn_smry_intake,mktg_ops_tbls,table,SUCCESS,VALIDATED_OK,,2026-01-15 19:25:07
vms_sta_indivs,mktg_ops_tbls,table,SUCCESS,VALIDATED_OK,,2026-01-15 19:25:11
vms_sta_orgs,mktg_ops_tbls,table,SUCCESS,VALIDATED_OK,,2026-01-15 19:25:14
